{"cameraMode":{"drawMode":0,"name":"Shaded","section":"Shading Mode"},"sceneLighting":true,"audioPlay":false,"sceneViewState":{"showFog":true,"showMaterialUpdate":false,"showSkybox":true,"showFlares":true,"showImageEffects":true,"showParticleSystems":true},"in2DMode":false,"pivot":{"x":16.152690887451173,"y":9.606706619262696,"z":-5.191780090332031},"rotation":{"x":0.04359273612499237,"y":-0.5559244751930237,"z":0.02921288087964058,"w":0.8295744061470032},"size":30.459110260009767,"orthographic":false}