{"cameraMode":{"drawMode":0,"name":"Shaded","section":"Shading Mode"},"sceneLighting":true,"audioPlay":false,"sceneViewState":{"showFog":true,"showMaterialUpdate":false,"showSkybox":true,"showFlares":true,"showImageEffects":true,"showParticleSystems":true},"in2DMode":false,"pivot":{"x":3.038341522216797,"y":7.931714057922363,"z":-37.560001373291019},"rotation":{"x":0.04359273612499237,"y":-0.5559244751930237,"z":0.02921288087964058,"w":0.8295744061470032},"size":50.25932693481445,"orthographic":false}