{"cameraMode":{"drawMode":0,"name":"Shaded","section":"Shading Mode"},"sceneLighting":true,"audioPlay":false,"sceneViewState":{"showFog":true,"showMaterialUpdate":false,"showSkybox":true,"showFlares":true,"showImageEffects":true,"showParticleSystems":true},"in2DMode":false,"pivot":{"x":120.53942108154297,"y":11.685529708862305,"z":-14.283599853515625},"rotation":{"x":0.0468563437461853,"y":-0.6665865182876587,"z":0.042050547897815707,"w":0.7427653670310974},"size":5.539118766784668,"orthographic":false}